txn_item_id,txn_id,txn_nbr,txn_source_cd,brand_cd,txn_item_nbr,store_nbr,register_nbr,txn_dt,txn_time,txn_type_cd,txn_channel_cd,txn_status_cd,orig_web_txn_id,bill_indiv_id,bill_hh_id,bill_addr_id,bill_usps_geo_id,alloc_indiv_id,alloc_hh_id,alloc_addr_id,email_id,rm_method_cd,rm_vendor_cd,rm_dt,cashier_emp_nbr,emp_purch_ind,zip_capture_ind,email_capture_ind,new_email_ind,bankcard_ind,plcc_ind,cash_ind,gc_ind,international_ind,tax_jurisdiction,ip_address,product_id,item_status_cd,item_gift_ind,item_last_ship_dt,ship_method_cd,ship_indiv_id,ship_hh_id,ship_addr_id,ship_usps_geo_id,item_list_price,item_sold_qty,item_sold_price,item_cogs,item_gross_amt,item_disc_amt,item_giftcard_amt,item_adj_cd,item_adj_amt,item_net_amt,item_ret_from_txn_id,item_ret_cd,item_ret_dt,item_ret_qty,item_ret_amt,full_price_ind,item_ret_from_store_nbr,originoforder,source_keycode,full_price_flg,pickup_type,pickup_store_nbr,partner_cd,bopis_item_adj_cd
1657513697,542608952,4103:1:20190515:4138,AW,LOFT,1,4103,1,2019-05-15 17:05:00 UTC,19:13:19,EXC,RET,C,0,0,0,0,0,0,0,0,45058129,,,,200704,0,0,1,1,0,0,0,0,,,,3087840,,0,,,0,0,0,0,59.5,1,37.13000107,10.11999989,37.13000107,14.85999966,0,,0,22.28000069,0,,,0,0,0,0,,,N,,,,
1657417801,542608952,4103:1:20190515:4138,AW,LOFT,4,4103,1,2019-05-15 17:05:00 UTC,19:13:19,EXC,RET,C,0,0,0,0,0,0,0,0,45058129,,,,200704,0,0,1,1,0,0,0,0,,,,996070,,0,,,0,0,0,0,59.5,0,0,10.01000023,0,0,0,,0,0,542645043,17,2019-05-15 17:05:00 UTC,1,22.28000069,1,4103,,,N,,,,
1656235214,542124255,756:2:20190511:17187,AW,LOFT,6,756,2,2019-05-11 17:05:00 UTC,10:24:19,EXC,RET,C,541093179,5E+12,5E+12,4.28913E+31,0,0,0,0,10602983,,,,5216054,0,0,1,0,0,0,0,0,,,,3110733,,0,,,5E+12,5E+12,4.28913E+31,0,69.5,0,0,15.39000034,0,0,0,,0,0,0,13,2019-05-11 17:05:00 UTC,1,41.70000076,1,612,,,F,,,,
1656844227,542374347,1535:12:20190512:2850,AW,LOFT,1,1535,12,2019-05-12 17:05:00 UTC,13:29:57,EXC,RET,C,0,0,0,0,0,0,0,0,37715737,,,,463527,0,0,1,0,0,0,0,0,,,,202940,,0,,,0,0,0,0,0,0,0,41.52000046,0,0,0,,0,0,0,15,2019-05-12 17:05:00 UTC,1,26.70000076,1,0,,,,,,,
1656810564,542374347,1535:12:20190512:2850,AW,LOFT,4,1535,12,2019-05-12 17:05:00 UTC,13:29:57,EXC,RET,C,0,0,0,0,0,0,0,0,37715737,,,,463527,0,0,1,0,0,0,0,0,,,,2898362,,0,,,0,0,0,0,44.5,1,44.5,7.889999866,44.5,17.79999924,0,,0,26.70000076,0,,,0,0,1,0,,,,,,,
1656372997,542218040,1615:1:20190511:16426,AW,LOFT,5,1615,1,2019-05-11 17:05:00 UTC,13:53:04,EXC,RET,C,0,5.00001E+12,5.00001E+12,6.50883E+31,0,5.00001E+12,5.00001E+12,6.50883E+31,27283767,,,,5217389,0,0,1,0,0,0,0,0,,,,3107054,,0,,,5.00001E+12,5.00001E+12,6.50883E+31,0,54.5,0,0,12.80000019,0,0,0,,0,0,542023266,17,2019-05-11 17:05:00 UTC,1,31.54999924,1,1615,,,,,,,
1655283118,541951862,1660:1:20190509:14733,AW,LOFT,4,1660,1,2019-05-09 17:05:00 UTC,10:05:42,EXC,RET,C,541215642,5.00001E+12,5.00001E+12,2.60707E+31,0,0,0,0,3842330,,,,417120,0,0,1,0,0,0,0,0,,,,3121579,,0,,,5.00001E+12,5.00001E+12,2.60707E+31,0,44.5,1,10.81000042,10.53999996,10.81000042,0,0,,0,10.81000042,0,,,0,0,1,0,,,,,,,
1655262650,541951862,1660:1:20190509:14733,AW,LOFT,1,1660,1,2019-05-09 17:05:00 UTC,10:05:42,EXC,RET,C,541215642,5.00001E+12,5.00001E+12,2.60707E+31,0,0,0,0,3842330,,,,417120,0,0,1,0,0,0,0,0,,,,3120443,,0,,,5.00001E+12,5.00001E+12,2.60707E+31,0,44.5,0,0,10.53999996,0,0,0,,0,0,0,13,2019-05-09 17:05:00 UTC,1,10.81000042,1,612,,,,,,,
1656910925,542352057,1782:12:20190512:4222,AW,LOFT,6,1782,12,2019-05-12 17:05:00 UTC,15:02:07,EXC,RET,C,0,0,0,0,0,0,0,0,0,,,,6786421,0,0,0,0,0,0,0,0,,,,3114999,,0,,,0,0,0,0,39.5,0,0,9.68999958,0,0,0,,0,0,0,17,2019-05-12 17:05:00 UTC,1,23.70000076,1,0,,,,,,,
1656656726,542352057,1782:12:20190512:4222,AW,LOFT,1,1782,12,2019-05-12 17:05:00 UTC,15:02:07,EXC,RET,C,0,0,0,0,0,0,0,0,0,,,,6786421,0,0,0,0,0,0,0,0,,,,3068817,,0,,,0,0,0,0,39.5,0,0,9.18999958,0,0,0,,0,0,0,17,2019-05-12 17:05:00 UTC,1,23.70000076,1,0,,,,,,,
1656656727,542352057,1782:12:20190512:4222,AW,LOFT,11,1782,12,2019-05-12 17:05:00 UTC,15:02:07,EXC,RET,C,0,0,0,0,0,0,0,0,0,,,,6786421,0,0,0,0,0,0,0,0,,,,3066931,,0,,,0,0,0,0,39.5,1,39.5,8.850000381,39.5,15.80000019,0,,0,23.70000076,0,,,0,0,1,0,,,,,,,
1656656728,542352057,1782:12:20190512:4222,AW,LOFT,17,1782,12,2019-05-12 17:05:00 UTC,15:02:07,EXC,RET,C,0,0,0,0,0,0,0,0,0,,,,6786421,0,0,0,0,0,0,0,0,,,,3113772,,0,,,0,0,0,0,39.5,1,39.5,9.68999958,39.5,15.80000019,0,,0,23.70000076,0,,,0,0,1,0,,,,,,,
1655862862,542094882,1916:2:20190510:28579,AW,LOFT,1,1916,2,2019-05-10 17:05:00 UTC,11:16:29,EXC,RET,C,0,5.00001E+12,5.00007E+12,5.11027E+31,0,5.00001E+12,5.00007E+12,5.11027E+31,0,,,,6782699,0,0,0,0,0,0,0,0,,,,3024491,,0,,,5.00001E+12,5.00007E+12,5.11027E+31,0,49.5,1,16.13999939,14.10999966,16.13999939,0,0,,0,16.13999939,0,,,0,0,1,0,,,,,,,
1658834011,543166156,1918:1:20190519:21712,AW,LOFT,4,1918,1,2019-05-19 17:05:00 UTC,13:14:31,EXC,RET,C,541469139,5.00002E+12,5.00001E+12,9.25695E+31,0,0,0,0,7837997,,,,6796109,0,0,1,0,0,0,0,0,,,,3098316,,0,,,5.00002E+12,5.00001E+12,9.25695E+31,0,79.5,1,47.70000076,16.11000061,47.70000076,0,0,,0,47.70000076,0,,,0,0,1,0,,,,,,,
1658900025,543150597,1482:1:20190519:22329,AW,LOFT,1,1482,1,2019-05-19 17:05:00 UTC,15:52:57,EXC,RET,C,0,1E+12,2E+12,1.67078E+31,0,1E+12,2E+12,1.67078E+31,1980356,ADS,EPS,2019-05-20 17:05:00 UTC,5209832,0,0,1,0,1,0,0,0,,,,3131906,,0,,,1E+12,2E+12,1.67078E+31,0,79.5,0,0,16.79000092,0,0,0,,0,0,542985351,13,2019-05-19 17:05:00 UTC,1,39.75,1,1840,,,,,,,
1654975896,541775319,1633:1:20190508:13738,AW,LOFT,1,1633,1,2019-05-08 17:05:00 UTC,12:37:31,EXC,RET,C,541049571,5.00002E+12,5.00007E+12,8.34442E+31,0,5.00002E+12,5.00007E+12,8.34442E+31,917047,ADS,EPS,2019-05-09 17:05:00 UTC,333357,0,1,1,0,0,1,0,0,,,,3108872,,0,,,5.00002E+12,5.00007E+12,8.34442E+31,0,24.5,1,7.5,3.640000105,7.5,0,0,,0,7.5,0,,,0,0,1,0,,,,,,,
1654826011,541732560,1210:2:20190507:9052,AW,ATF,1,1210,2,2019-05-07 17:05:00 UTC,13:14:06,EXC,RET,C,0,5.00005E+12,5.00002E+12,9.06706E+31,0,5.00005E+12,5.00002E+12,9.06706E+31,26397943,,,,454760,0,0,1,0,0,0,0,0,,,,3084538,,0,,,5.00005E+12,5.00002E+12,9.06706E+31,0,54.99000168,1,54.99000168,6.489999771,54.99000168,22,0,,0,32.99000168,0,,,0,0,0,0,,,F,,,,
1654826012,541732560,1210:2:20190507:9052,AW,ATF,6,1210,2,2019-05-07 17:05:00 UTC,13:14:06,EXC,RET,C,0,5.00005E+12,5.00002E+12,9.06706E+31,0,5.00005E+12,5.00002E+12,9.06706E+31,26397943,,,,454760,0,0,1,0,0,0,0,0,,,,3083687,,0,,,5.00005E+12,5.00002E+12,9.06706E+31,0,54.99000168,0,0,6.489999771,0,0,0,,0,0,538222427,17,2019-05-07 17:05:00 UTC,1,32.99000168,1,1210,,,F,,,,
1655657788,542005109,1257:4:20190510:8154,AW,ATF,3,1257,4,2019-05-10 17:05:00 UTC,15:49:47,EXC,RET,C,0,5.00009E+12,0,0,0,0,0,0,45007592,,,,370481,0,0,1,1,0,0,0,0,,,,2991763,,0,,,5.00009E+12,0,0,0,19.98999977,0,0,12.89000034,0,0,0,,0,0,542005108,17,2019-05-10 17:05:00 UTC,1,17.87999916,1,1257,,,N,,,,
1656428229,542280400,1278:4:20190511:7964,AW,ATF,1,1278,4,2019-05-11 17:05:00 UTC,17:10:16,EXC,RET,C,0,0,0,0,0,0,0,0,0,,,,6765907,0,0,0,0,0,0,0,0,,,,3110636,,0,,,0,0,0,0,54.99000168,0,0,8.149999619,0,0,0,,0,0,0,17,2019-05-11 17:05:00 UTC,1,27.98999977,1,1278,,,F,,,,
1654348538,541577807,2914:2:20190505:6540,AW,LOS,5,2914,2,2019-05-05 17:05:00 UTC,15:22:19,EXC,RET,C,0,5.00007E+12,5.00007E+12,2.78333E+31,22315,5.00007E+12,5.00007E+12,2.78333E+31,0,,,,5215507,0,0,0,0,0,0,0,0,,,,989222,,0,,,5.00007E+12,5.00007E+12,2.78333E+31,22315,29.98999977,1,15,3.730000019,15,0,0,,0,15,0,,,0,0,1,0,,,F,,,,
1654226922,541577807,2914:2:20190505:6540,AW,LOS,1,2914,2,2019-05-05 17:05:00 UTC,15:22:19,EXC,RET,C,0,5.00007E+12,5.00007E+12,2.78333E+31,22315,5.00007E+12,5.00007E+12,2.78333E+31,0,,,,5215507,0,0,0,0,0,0,0,0,,,,3098526,,0,,,5.00007E+12,5.00007E+12,2.78333E+31,22315,29.98999977,0,0,3.730000019,0,0,0,,0,0,541436623,17,2019-05-05 17:05:00 UTC,1,15,1,2914,,,F,,,,
1659182951,543231049,2932:3:20190520:4819,AW,LOS,1,2932,3,2019-05-20 17:05:00 UTC,14:04:36,EXC,RET,C,0,5.00002E+12,5.00002E+12,6.40179E+31,19958,5.00002E+12,5.00002E+12,6.40179E+31,11163237,,,,6764355,0,0,1,0,0,0,0,0,,,,3107413,,0,,,5.00002E+12,5.00002E+12,6.40179E+31,19958,39.99000168,0,0,7.920000076,0,0,0,,0,0,543063466,13,2019-05-20 17:05:00 UTC,1,23.98999977,1,2932,,,F,,,,
1654703702,541753459,296:11:20190507:5024,AW,AT,11,296,11,2019-05-07 17:05:00 UTC,16:15:40,EXC,RET,C,0,5.00001E+12,5.00006E+12,4.57147E+31,0,5.00001E+12,5.00006E+12,4.57147E+31,0,,,,5211178,0,0,0,0,0,0,0,0,,,,3129613,,0,,,5.00001E+12,5.00006E+12,4.57147E+31,0,139,1,53.16999817,22.54000092,53.16999817,0,0,,0,53.16999817,0,,,0,0,1,0,,,F,,,,
1654832129,541753459,296:11:20190507:5024,AW,AT,13,296,11,2019-05-07 17:05:00 UTC,16:15:40,EXC,RET,C,0,5.00001E+12,5.00006E+12,4.57147E+31,0,5.00001E+12,5.00006E+12,4.57147E+31,0,,,,5211178,0,0,0,0,0,0,0,0,,,,3136508,,0,,,5.00001E+12,5.00006E+12,4.57147E+31,0,39.5,1,18.93000031,6.289999962,18.93000031,0,0,,0,18.93000031,0,,,0,0,1,0,,,F,,,,
1654683006,541753459,296:11:20190507:5024,AW,AT,6,296,11,2019-05-07 17:05:00 UTC,16:15:40,EXC,RET,C,0,5.00001E+12,5.00006E+12,4.57147E+31,0,5.00001E+12,5.00006E+12,4.57147E+31,0,,,,5211178,0,0,0,0,0,0,0,0,,,,3123232,,0,,,5.00001E+12,5.00006E+12,4.57147E+31,0,129,0,0,10.94999981,0,0,0,,0,0,541445115,17,2019-05-07 17:05:00 UTC,1,18.93000031,1,296,,,F,,,,
1654752572,541753459,296:11:20190507:5024,AW,AT,1,296,11,2019-05-07 17:05:00 UTC,16:15:40,EXC,RET,C,0,5.00001E+12,5.00006E+12,4.57147E+31,0,5.00001E+12,5.00006E+12,4.57147E+31,0,,,,5211178,0,0,0,0,0,0,0,0,,,,3125031,,0,,,5.00001E+12,5.00006E+12,4.57147E+31,0,139,0,0,22.54000092,0,0,0,,0,0,541445115,17,2019-05-07 17:05:00 UTC,1,53.16999817,1,296,,,F,,,,
1657352458,542546317,3005:2:20190514:7595,AW,LOS,5,3005,2,2019-05-14 17:05:00 UTC,12:36:20,EXC,RET,C,0,5.00002E+12,5.00007E+12,2.58869E+30,0,5.00002E+12,5.00007E+12,2.58869E+30,19776949,,,,445597,0,0,1,0,0,0,0,0,,,,3095321,,0,,,5.00002E+12,5.00007E+12,2.58869E+30,0,34.99000168,1,34.99000168,6.329999924,34.99000168,14,0,,0,20.98999977,0,,,0,0,0,0,,,F,,,,
1655331441,541883797,3073:5:20190509:5290,AW,LOS,6,3073,5,2019-05-09 17:05:00 UTC,15:59:08,EXC,RET,C,0,5.00006E+12,5.00005E+12,8.2128E+31,0,5.00006E+12,5.00005E+12,8.2128E+31,40934832,,,,410252,0,0,1,0,0,0,0,0,,,,2997996,,0,,,5.00006E+12,5.00005E+12,8.2128E+31,0,16.98999977,0,0,12.56999969,0,0,0,,0,0,540505381,17,2019-05-09 17:05:00 UTC,1,11.88000011,1,2942,,,N,,,,
1658387851,542915120,4001:1:20190518:6397,AW,AT,1,4001,1,2019-05-18 17:05:00 UTC,16:39:28,EXC,RET,C,0,0,0,0,0,0,0,0,0,,,,5216573,0,0,0,0,0,0,0,0,,,,2881942,,0,,,0,0,0,0,89,0,0,15.89999962,0,0,0,,0,0,542172593,13,2019-05-18 17:05:00 UTC,1,48.59000015,1,4002,,,F,,,,
1654455378,541625227,4103:11:20190506:860,AW,LOFT,5,4103,11,2019-05-06 17:05:00 UTC,15:28:27,EXC,RET,C,0,0,0,0,0,0,0,0,25123324,,,,200704,1,0,1,0,0,0,0,0,,,,3142687,,0,,,0,0,0,0,34.5,1,29.44000053,7.78000021,29.44000053,17.65999985,0,,0,11.77000046,0,,,0,0,1,0,,,F,,,,
1654040456,541540750,608:1:20190505:17654,AW,AT,5,608,1,2019-05-05 17:05:00 UTC,14:21:53,EXC,RET,C,0,5.00001E+12,5.00001E+12,2.69228E+31,0,5.00001E+12,0,0,32800446,,,,5210012,0,0,1,0,0,0,0,0,,,,3117858,,0,,,5.00001E+12,5.00001E+12,2.69228E+31,0,69.5,1,69.5,10.60999966,69.5,27.79999924,0,,0,41.70000076,0,,,0,0,1,0,,,F,,,,
1657991109,542810537,634:13:20190517:1615,AW,AT,1,634,13,2019-05-17 17:05:00 UTC,16:22:32,EXC,RET,C,0,5E+12,5E+12,2.17549E+31,0,5E+12,5E+12,2.17549E+31,1130047,,,,5206375,0,0,0,0,0,0,0,0,,,,3078514,,0,,,5E+12,5E+12,2.17549E+31,0,69,0,0,11.64999962,0,0,0,,0,0,541972054,17,2019-05-17 17:05:00 UTC,1,31.04999924,1,634,,,F,,,,
1657991110,542810537,634:13:20190517:1615,AW,AT,13,634,13,2019-05-17 17:05:00 UTC,16:22:32,EXC,RET,C,0,5E+12,5E+12,2.17549E+31,0,5E+12,5E+12,2.17549E+31,1130047,,,,5206375,0,0,0,0,0,0,0,0,,,,3079806,,0,,,5E+12,5E+12,2.17549E+31,0,69,0,0,10.39000034,0,0,0,,0,0,541972054,17,2019-05-17 17:05:00 UTC,1,31.04999924,1,634,,,F,,,,
1657934369,542810537,634:13:20190517:1615,AW,AT,25,634,13,2019-05-17 17:05:00 UTC,16:22:32,EXC,RET,C,0,5E+12,5E+12,2.17549E+31,0,5E+12,5E+12,2.17549E+31,1130047,,,,5206375,0,0,0,0,0,0,0,0,,,,3077223,,0,,,5E+12,5E+12,2.17549E+31,0,69,1,69,10.39000034,69,37.95000076,0,,0,31.04999924,0,,,0,0,1,0,,,F,,,,
1658110003,542810537,634:13:20190517:1615,AW,AT,7,634,13,2019-05-17 17:05:00 UTC,16:22:32,EXC,RET,C,0,5E+12,5E+12,2.17549E+31,0,5E+12,5E+12,2.17549E+31,1130047,,,,5206375,0,0,0,0,0,0,0,0,,,,3078938,,0,,,5E+12,5E+12,2.17549E+31,0,69,0,0,10.39000034,0,0,0,,0,0,541972054,17,2019-05-17 17:05:00 UTC,1,31.04999924,1,634,,,F,,,,
1657404781,542671489,740:2:20190515:13879,AW,ATF,1,740,2,2019-05-15 17:05:00 UTC,13:25:10,EXC,RET,C,0,0,0,0,0,0,0,0,0,,,,464527,0,0,0,0,0,0,0,0,,,,3129612,,0,,,0,0,0,0,54.99000168,0,0,7.110000134,0,0,0,,0,0,542592135,13,2019-05-15 17:05:00 UTC,1,24.73999977,1,740,,,F,,,,
1654555220,541650006,760:11:20190506:9461,AW,LOFT,3,760,11,2019-05-06 17:05:00 UTC,11:05:56,EXC,RET,C,0,5.00001E+12,5.00002E+12,9.44293E+31,46074,5.00001E+12,5.00002E+12,9.44293E+31,33884199,,,,5208006,0,0,0,0,0,0,0,0,,,,3086384,,0,,,5.00001E+12,5.00002E+12,9.44293E+31,46074,59.5,1,59.5,12.39999962,59.5,0,0,,0,59.5,0,,,0,0,1,0,,,F,,,,
1658692418,543120672,944:1:20190519:16403,AW,LOFT,1,944,1,2019-05-19 17:05:00 UTC,11:17:12,EXC,RET,C,0,0,0,0,0,0,0,0,39887568,,,,5216434,0,0,1,0,0,0,1,0,,,,3058909,,0,,,0,0,0,0,0,1,0,0.01,0,0,0,,0,0,0,,,0,0,1,0,,,F,,,,
1654261965,541561723,1066:1:20190505:10613,AW,AT,14,1066,1,2019-05-05 17:05:00 UTC,15:31:47,EXC,RET,C,539997562,5E+12,5E+12,4.65074E+31,0,0,0,0,10910388,,,,6773049,0,0,1,0,0,0,0,0,,,,3070419,,0,,,5E+12,5E+12,4.65074E+31,0,49,1,49,12.10000038,49,24.5,0,,0,24.5,0,,,0,0,1,0,,,,,,,
1654282118,541561723,1066:1:20190505:10613,AW,AT,10,1066,1,2019-05-05 17:05:00 UTC,15:31:47,EXC,RET,C,539997562,5E+12,5E+12,4.65074E+31,0,0,0,0,10910388,,,,6773049,0,0,1,0,0,0,0,0,,,,3071468,,0,,,5E+12,5E+12,4.65074E+31,0,49,1,49,9.420000076,49,24.5,0,,0,24.5,0,,,0,0,1,0,,,,,,,
1654282119,541561723,1066:1:20190505:10613,AW,AT,18,1066,1,2019-05-05 17:05:00 UTC,15:31:47,EXC,RET,C,539997562,5E+12,5E+12,4.65074E+31,0,0,0,0,10910388,,,,6773049,0,0,1,0,0,0,0,0,,,,3071775,,0,,,5E+12,5E+12,4.65074E+31,0,49,1,49,9.420000076,49,24.5,0,,0,24.5,0,,,0,0,1,0,,,,,,,
1655264844,541972173,1160:2:20190509:16168,AW,AT,5,1160,2,2019-05-09 17:05:00 UTC,18:55:08,EXC,RET,C,0,0,0,0,0,0,0,0,0,,,,352774,0,0,0,0,0,0,0,0,,,,3060222,,0,,,0,0,0,0,148,1,148,31.29999924,148,59.20000076,0,,0,88.80000305,0,,,0,0,1,0,,,,,,,
1655372783,541972173,1160:2:20190509:16168,AW,AT,1,1160,2,2019-05-09 17:05:00 UTC,18:55:08,EXC,RET,C,0,0,0,0,0,0,0,0,0,,,,352774,0,0,0,0,0,0,0,0,,,,3100777,,0,,,0,0,0,0,148,0,0,35.45000076,0,0,0,,0,0,541941784,13,2019-05-09 17:05:00 UTC,1,88.80000305,1,1160,,,,,,,
1655383257,541959073,1193:12:20190509:2396,AW,AT,5,1193,12,2019-05-09 17:05:00 UTC,18:15:15,EXC,RET,C,0,0,0,0,0,0,0,0,40613651,,,,6790322,0,0,1,0,0,0,0,0,,,,2980054,,0,,,0,0,0,0,89,1,89,13.06999969,89,0,0,,0,89,0,,,0,0,1,0,,,,,,,
1655399389,541959073,1193:12:20190509:2396,AW,AT,1,1193,12,2019-05-09 17:05:00 UTC,18:15:15,EXC,RET,C,0,0,0,0,0,0,0,0,40613651,,,,6790322,0,0,1,0,0,0,0,0,,,,2979767,,0,,,0,0,0,0,89,0,0,13.06999969,0,0,0,,0,0,0,17,2019-05-09 17:05:00 UTC,1,89,1,0,,,,,,,
1656997313,542511586,1211:2:20190513:13578,AW,ATF,1,1211,2,2019-05-13 17:05:00 UTC,11:21:06,EXC,RET,C,0,5.00009E+12,5.00009E+12,7.64753E+31,0,5.00009E+12,5.00009E+12,7.64753E+31,38710973,,,,349340,0,0,1,1,0,0,0,0,,,,3091291,,0,,,5.00009E+12,5.00009E+12,7.64753E+31,0,39.99000168,1,39.99000168,6.619999886,39.99000168,20,0,,0,19.98999977,0,,,0,0,0,0,,,,,,,
1657130226,542511586,1211:2:20190513:13578,AW,ATF,6,1211,2,2019-05-13 17:05:00 UTC,11:21:06,EXC,RET,C,0,5.00009E+12,5.00009E+12,7.64753E+31,0,5.00009E+12,5.00009E+12,7.64753E+31,38710973,,,,349340,0,0,1,1,0,0,0,0,,,,3098743,,0,,,5.00009E+12,5.00009E+12,7.64753E+31,0,39.99000168,0,0,6.619999886,0,0,0,,0,0,542003552,13,2019-05-13 17:05:00 UTC,1,19.98999977,1,1211,,,,,,,
1654492155,541674179,1287:2:20190506:16585,AW,ATF,1,1287,2,2019-05-06 17:05:00 UTC,14:52:39,EXC,RET,C,0,5.00001E+12,5.00001E+12,7.99085E+31,0,5.00001E+12,5.00001E+12,7.99085E+31,26020326,,,,308943,0,0,1,0,0,0,0,0,,,,3100676,,0,,,5.00001E+12,5.00001E+12,7.99085E+31,0,129.9900055,0,0,23.89999962,0,0,0,,0,0,541665859,13,2019-05-06 17:05:00 UTC,1,77.98999786,1,1287,,,,,,,
1657342859,542598839,1292:2:20190514:12708,AW,ATF,1,1292,2,2019-05-14 17:05:00 UTC,18:30:15,EXC,RET,C,0,0,0,0,0,0,0,0,0,,,,5200981,0,0,0,0,0,0,0,0,,,,3067544,,0,,,0,0,0,0,89.98999786,0,0,17.45000076,0,0,0,,0,0,542419488,17,2019-05-14 17:05:00 UTC,1,26.98999977,1,1292,,,,,,,
1654586892,541665352,1317:3:20190506:23069,AW,LOFT,5,1317,3,2019-05-06 17:05:00 UTC,13:47:22,EXC,RET,C,0,5.00002E+12,5.00007E+12,6.69956E+31,23120,5.00002E+12,5.00007E+12,6.69956E+31,8832827,,,,303679,0,0,1,0,0,0,0,0,,,,3101591,,0,,,5.00002E+12,5.00007E+12,6.69956E+31,23120,54.5,1,54.5,13.96000004,54.5,27.25,0,,0,27.25,0,,,0,0,1,0,,,,,,,
1656212340,542207472,1502:11:20190511:4611,AW,LOFT,1,1502,11,2019-05-11 17:05:00 UTC,17:02:07,EXC,RET,C,0,5E+12,5.00006E+12,8.36783E+31,28031,5E+12,5.00006E+12,8.36783E+31,0,,,,5213768,0,0,0,0,0,0,0,0,,,,3147864,,0,,,5E+12,5.00006E+12,8.36783E+31,28031,89.5,0,0,22.43000031,0,0,0,,0,0,542258548,13,2019-05-11 17:05:00 UTC,1,53.70000076,1,667,,,,,,,
1659390663,543288725,1524:2:20190521:12925,AW,LOFT,3,1524,2,2019-05-21 17:05:00 UTC,10:21:24,EXC,RET,C,0,5E+12,5.00005E+12,4.14278E+31,0,5E+12,5.00005E+12,4.14278E+31,15376260,,,,6771787,0,0,1,0,0,0,0,0,,,,3124074,,0,,,5E+12,5.00005E+12,4.14278E+31,0,59.5,0,0,15.89000034,0,0,0,,0,0,543219114,13,2019-05-21 17:05:00 UTC,1,37.11999893,1,1524,,,,,,,
1659409094,543288725,1524:2:20190521:12925,AW,LOFT,9,1524,2,2019-05-21 17:05:00 UTC,10:21:24,EXC,RET,C,0,5E+12,5.00005E+12,4.14278E+31,0,5E+12,5.00005E+12,4.14278E+31,15376260,,,,6771787,0,0,1,0,0,0,0,0,,,,3121245,,0,,,5E+12,5.00005E+12,4.14278E+31,0,69.5,0,0,14.57999992,0,0,0,,0,0,543219114,13,2019-05-21 17:05:00 UTC,1,37.13000107,1,1524,,,,,,,
1655092912,541855357,1536:1:20190508:15993,AW,LOFT,1,1536,1,2019-05-08 17:05:00 UTC,13:23:13,EXC,RET,C,0,0,0,0,0,0,0,0,35980039,,,,6757454,0,0,1,1,0,0,0,0,,,,832732,,0,,,0,0,0,0,29.98999977,0,0,10.07999992,0,0,0,,0,0,540023370,17,2019-05-08 17:05:00 UTC,1,18.88999939,1,1536,,,,,,,
1657830952,542745073,1634:1:20190516:17875,AW,LOFT,1,1634,1,2019-05-16 17:05:00 UTC,16:04:23,EXC,RET,C,0,5.00004E+12,5.00004E+12,5.63369E+31,0,5.00004E+12,5.00004E+12,5.63369E+31,24534779,,,,464560,0,0,0,0,0,0,0,0,,,,1016854,,0,,,5.00004E+12,5.00004E+12,5.63369E+31,0,54.5,1,54.5,7.849999905,54.5,25,0,,0,29.5,0,,,0,0,1,0,,,,,,,
1656893879,542422040,1636:1:20190512:15158,AW,LOFT,1,1636,1,2019-05-12 17:05:00 UTC,17:39:44,EXC,RET,C,0,5E+12,5E+12,9.355E+31,0,5E+12,5.00008E+12,9.355E+31,7822882,,,,6759682,0,0,1,0,0,0,0,0,,,,3128455,,0,,,5E+12,5E+12,9.355E+31,0,59.5,0,0,15.89000034,0,0,0,,0,0,541121289,17,2019-05-12 17:05:00 UTC,1,35.70000076,1,1743,,,,,,,
1659508043,543307654,1805:11:20190521:4663,AW,LOFT,5,1805,11,2019-05-21 17:05:00 UTC,19:46:42,EXC,RET,C,0,5.00001E+12,5.00007E+12,2.73241E+31,0,5.00001E+12,5.00007E+12,2.73241E+31,6084819,,,,6781990,0,0,0,0,0,0,0,0,,,,3123159,,0,,,5.00001E+12,5.00007E+12,2.73241E+31,0,79.5,1,39.75,13.81000042,39.75,0,0,,0,39.75,0,,,0,0,1,0,,,,,,,
1659454962,543321051,1818:1:20190521:11258,AW,LOFT,1,1818,1,2019-05-21 17:05:00 UTC,11:29:18,EXC,RET,C,0,5E+12,5.00005E+12,9.03111E+31,0,5E+12,5.00005E+12,9.03111E+31,6855951,,,,457141,0,0,1,0,0,0,0,0,,,,3131450,,0,,,5E+12,5.00005E+12,9.03111E+31,0,49.5,0,0,8.819999695,0,0,0,,0,0,543210641,13,2019-05-21 17:05:00 UTC,1,29.5,1,1818,,,,,,,
1657246550,542573924,2231:5:20190514:12938,AW,ATF,6,2231,5,2019-05-14 17:05:00 UTC,14:37:36,EXC,RET,C,0,0,0,0,0,0,0,0,0,,,,5216645,0,0,0,0,0,0,0,0,,,,3107546,,0,,,0,0,0,0,89.98999786,0,0,12.68999958,0,0,0,,0,0,542220041,17,2019-05-14 17:05:00 UTC,1,34.99000168,1,2231,,,,,,,
1657218922,542573924,2231:5:20190514:12938,AW,ATF,1,2231,5,2019-05-14 17:05:00 UTC,14:37:36,EXC,RET,C,0,0,0,0,0,0,0,0,0,,,,5216645,0,0,0,0,0,0,0,0,,,,3111421,,0,,,0,0,0,0,54.99000168,0,0,7.940000057,0,0,0,,0,0,542220041,17,2019-05-14 17:05:00 UTC,1,27.98999977,1,2231,,,,,,,
1654712517,541749987,2244:2:20190507:26199,AW,ATF,1,2244,2,2019-05-07 17:05:00 UTC,14:11:50,EXC,RET,C,0,5.00004E+12,5.00008E+12,4.75799E+31,11420,5.00004E+12,5.00008E+12,4.75799E+31,21175433,,,,6753279,0,0,1,0,0,0,0,0,,,,3066075,,0,,,5.00004E+12,5.00008E+12,4.75799E+31,11420,69.98999786,0,0,14.76000023,0,0,0,,0,0,540322548,13,2019-05-07 17:05:00 UTC,1,39.99000168,1,2251,,,,,,,
1658790253,543170703,2251:2:20190519:24004,AW,ATF,1,2251,2,2019-05-19 17:05:00 UTC,18:00:23,EXC,RET,C,0,5.00005E+12,5.00005E+12,4.7473E+30,0,5.00005E+12,5.00005E+12,4.7473E+30,45043051,,,,6765033,0,0,1,0,0,0,0,0,,,,2689349,,0,,,5.00005E+12,5.00005E+12,4.7473E+30,0,24.98999977,0,0,3.029999971,0,0,0,,0,0,542485947,28,2019-05-19 17:05:00 UTC,1,10.61999989,1,2251,,,,,,,
1659146575,543251695,2251:5:20190520:20745,AW,ATF,6,2251,5,2019-05-20 17:05:00 UTC,13:59:03,EXC,RET,C,0,0,0,0,0,0,0,0,41000303,,,,6762356,0,0,1,1,0,0,0,0,,,,901941,,0,,,0,0,0,0,54.99000168,0,0,8.010000229,0,0,0,,0,0,0,17,2019-05-20 17:05:00 UTC,1,27.98999977,1,2251,,,,,,,
1659173514,543251695,2251:5:20190520:20745,AW,ATF,1,2251,5,2019-05-20 17:05:00 UTC,13:59:03,EXC,RET,C,0,0,0,0,0,0,0,0,41000303,,,,6762356,0,0,1,1,0,0,0,0,,,,3131089,,0,,,0,0,0,0,79.98999786,0,0,10.38000011,0,0,0,,0,0,542625101,17,2019-05-20 17:05:00 UTC,1,47.99000168,1,2251,,,,,,,
1656440681,542223399,2253:3:20190511:17062,AW,ATF,1,2253,3,2019-05-11 17:05:00 UTC,11:24:41,EXC,RET,C,0,0,0,0,0,0,0,0,8427809,,,,311717,0,0,1,0,0,0,1,0,,,,3111421,,0,,,0,0,0,0,54.99000168,1,54.99000168,7.940000057,54.99000168,54.99000168,0,,0,0,0,,,0,0,0,0,,,,,,,
1657063670,542484630,2506:2:20190513:23668,AW,AT,1,2506,2,2019-05-13 17:05:00 UTC,11:11:48,EXC,RET,C,0,0,0,0,0,0,0,0,39327383,,,,6792981,0,0,1,0,0,0,0,0,,,,2984621,,0,,,0,0,0,0,89,0,0,16.90999985,0,0,0,,0,0,542100746,17,2019-05-13 17:05:00 UTC,1,53.40000153,1,2506,,,,,,,
1657771059,542771170,2517:11:20190516:8233,AW,AT,1,2517,11,2019-05-16 17:05:00 UTC,16:57:10,EXC,RET,C,0,0,0,0,0,0,0,0,45030217,,,,315344,0,0,1,0,0,0,0,0,,,,849412,,0,,,0,0,0,0,39.5,1,39.5,6.289999962,39.5,19.75,0,,0,19.75,0,,,0,0,1,0,,,,,,,
1657771060,542771170,2517:11:20190516:8233,AW,AT,5,2517,11,2019-05-16 17:05:00 UTC,16:57:10,EXC,RET,C,0,0,0,0,0,0,0,0,45030217,,,,315344,0,0,1,0,0,0,0,0,,,,3119803,,0,,,0,0,0,0,39.5,0,0,6.289999962,0,0,0,,0,0,0,17,2019-05-16 17:05:00 UTC,1,19.75,1,0,,,,,,,
1656881523,542368215,2519:1:20190512:15431,AW,AT,1,2519,1,2019-05-12 17:05:00 UTC,14:13:15,EXC,RET,C,0,0,0,0,0,0,0,0,5682039,,,,454160,0,0,1,0,0,0,0,0,,,,3104828,,0,,,0,0,0,0,149,1,88.98999786,22.93000031,88.98999786,44.5,0,,0,44.49000168,0,,,0,0,0,0,,,,,,,
1656881524,542368215,2519:1:20190512:15431,AW,AT,6,2519,1,2019-05-12 17:05:00 UTC,14:13:15,EXC,RET,C,0,0,0,0,0,0,0,0,5682039,,,,454160,0,0,1,0,0,0,0,0,,,,3103940,,0,,,0,0,0,0,149,0,0,22.70999908,0,0,0,,0,0,0,17,2019-05-12 17:05:00 UTC,1,44.49000168,1,0,,,,,,,
1655035131,541792009,2543:1:20190508:12023,AW,AT,3,2543,1,2019-05-08 17:05:00 UTC,19:57:56,EXC,RET,C,0,1E+12,2E+12,2.63435E+31,0,1E+12,2E+12,2.63435E+31,19472868,,,,333170,0,0,1,0,0,0,0,0,,,,3109244,,0,,,1E+12,2E+12,2.63435E+31,0,139,0,0,20.59000015,0,0,0,,0,0,539794746,17,2019-05-08 17:05:00 UTC,1,69.5,1,2543,,,,,,,
1655035130,541792009,2543:1:20190508:12023,AW,AT,1,2543,1,2019-05-08 17:05:00 UTC,19:57:56,EXC,RET,C,0,1E+12,2E+12,2.63435E+31,0,1E+12,2E+12,2.63435E+31,19472868,,,,333170,0,0,1,0,0,0,0,0,,,,3111643,,0,,,1E+12,2E+12,2.63435E+31,0,139,1,69.5,20.59000015,69.5,0,0,,0,69.5,0,,,0,0,1,0,,,,,,,
1656844515,542417946,2544:11:20190512:1967,AW,AT,1,2544,11,2019-05-12 17:05:00 UTC,16:45:36,EXC,RET,C,0,0,0,0,0,0,0,0,0,,,,6783271,0,0,0,0,0,0,0,0,,,,3099692,,0,,,0,0,0,0,58.99000168,0,0,18.95999908,0,0,0,,0,0,0,13,2019-05-12 17:05:00 UTC,1,29.48999977,1,0,,,,,,,
1656844516,542417946,2544:11:20190512:1967,AW,AT,5,2544,11,2019-05-12 17:05:00 UTC,16:45:36,EXC,RET,C,0,0,0,0,0,0,0,0,0,,,,6783271,0,0,0,0,0,0,0,0,,,,3092022,,0,,,0,0,0,0,58.99000168,1,58.99000168,18.95999908,58.99000168,29.5,0,,0,29.48999977,0,,,0,0,0,0,,,,,,,
1657877568,542706403,2900:6:20190516:14084,AW,LOS,3,2900,6,2019-05-16 17:05:00 UTC,11:35:48,EXC,RET,C,0,5.00003E+12,5.00002E+12,4.70702E+31,0,5.00003E+12,5.00002E+12,4.70702E+31,38568638,,,,305429,0,0,1,0,0,0,0,0,,,,3058854,,0,,,5.00003E+12,5.00002E+12,4.70702E+31,0,12.98999977,0,0,6.25,0,0,0,,0,0,542628929,13,2019-05-16 17:05:00 UTC,1,5.880000114,1,2900,,,,,,,
1654353543,541579013,2932:4:20190505:14001,AW,LOS,1,2932,4,2019-05-05 17:05:00 UTC,18:00:58,EXC,RET,C,0,5.00002E+12,5.00007E+12,6.1868E+31,19971,5.00002E+12,5.00007E+12,6.1868E+31,7147785,,,,6764355,1,0,1,0,0,0,0,0,,,,3094946,,0,,,5.00002E+12,5.00007E+12,6.1868E+31,19971,44.99000168,0,0,8.039999962,0,0,0,,0,0,540740877,13,2019-05-05 17:05:00 UTC,1,11.25,1,2932,,,,,,,
1658208996,542793633,2962:3:20190517:12222,AW,LOS,1,2962,3,2019-05-17 17:05:00 UTC,11:39:30,EXC,RET,C,0,0,0,0,0,0,0,0,0,,,,5217584,0,0,0,0,0,0,0,0,,,,2686637,,0,,,0,0,0,0,22.98999977,0,0,2.059999943,0,0,0,,0,0,542682098,13,2019-05-17 17:05:00 UTC,1,7.670000076,1,2962,,,,,,,
1658163973,542793633,2962:3:20190517:12222,AW,LOS,5,2962,3,2019-05-17 17:05:00 UTC,11:39:30,EXC,RET,C,0,0,0,0,0,0,0,0,0,,,,5217584,0,0,0,0,0,0,0,0,,,,922660,,0,,,0,0,0,0,22.98999977,0,0,2.059999943,0,0,0,,0,0,542682098,13,2019-05-17 17:05:00 UTC,1,7.659999847,1,2962,,,,,,,
1658163974,542793633,2962:3:20190517:12222,AW,LOS,9,2962,3,2019-05-17 17:05:00 UTC,11:39:30,EXC,RET,C,0,0,0,0,0,0,0,0,0,,,,5217584,0,0,0,0,0,0,0,0,,,,2685045,,0,,,0,0,0,0,22.98999977,0,0,2.75999999,0,0,0,,0,0,542682098,13,2019-05-17 17:05:00 UTC,1,7.659999847,1,2962,,,,,,,
1656807813,542369929,2998:2:20190512:10016,AW,LOS,5,2998,2,2019-05-12 17:05:00 UTC,16:34:02,EXC,RET,C,0,5.00001E+12,5.00006E+12,5.11138E+30,77545,5.00001E+12,5.00006E+12,5.11138E+30,13246407,,,,6797090,0,0,1,0,0,0,0,0,,,,3104314,,0,,,5.00001E+12,5.00006E+12,5.11138E+30,77545,69.98999786,1,69.98999786,15.78999996,69.98999786,28,0,,0,41.99000168,0,,,0,0,0,0,,,,,,,
1658057785,542875858,3071:3:20190517:18176,AW,LOS,5,3071,3,2019-05-17 17:05:00 UTC,12:28:49,EXC,RET,C,0,0,0,0,0,0,0,0,41523539,,,,6796264,0,0,1,0,0,0,0,0,,,,3094946,,0,,,0,0,0,0,44.99000168,1,44.99000168,8.039999962,44.99000168,22.5,0,,0,22.48999977,0,,,0,0,0,0,,,,,,,
1658057784,542875858,3071:3:20190517:18176,AW,LOS,1,3071,3,2019-05-17 17:05:00 UTC,12:28:49,EXC,RET,C,0,0,0,0,0,0,0,0,41523539,,,,6796264,0,0,1,0,0,0,0,0,,,,3097672,,0,,,0,0,0,0,44.99000168,0,0,7.960000038,0,0,0,,0,0,541988470,13,2019-05-17 17:05:00 UTC,1,22.48999977,1,3071,,,,,,,
1659272674,543196739,3109:1:20190520:10334,AW,LOS,5,3109,1,2019-05-20 17:05:00 UTC,12:50:20,EXC,RET,C,0,0,0,0,0,0,0,0,32355803,,,,459589,0,0,1,0,0,0,0,0,,,,3082087,,0,,,0,0,0,0,49.99000168,1,49.99000168,10.35999966,49.99000168,25,0,,0,24.98999977,0,,,0,0,0,0,,,,,,,
1659272675,543196739,3109:1:20190520:10334,AW,LOS,12,3109,1,2019-05-20 17:05:00 UTC,12:50:20,EXC,RET,C,0,0,0,0,0,0,0,0,32355803,,,,459589,0,0,1,0,0,0,0,0,,,,3083802,,0,,,0,0,0,0,49.99000168,0,0,10.35999966,0,0,0,,0,0,0,17,2019-05-20 17:05:00 UTC,1,24.98999977,1,0,,,,,,,
1659243481,543196739,3109:1:20190520:10334,AW,LOS,1,3109,1,2019-05-20 17:05:00 UTC,12:50:20,EXC,RET,C,0,0,0,0,0,0,0,0,32355803,,,,459589,0,0,1,0,0,0,0,0,,,,3060192,,0,,,0,0,0,0,49.99000168,1,49.99000168,10.26000023,49.99000168,25,0,,0,24.98999977,0,,,0,0,0,0,,,,,,,
1659243482,543196739,3109:1:20190520:10334,AW,LOS,9,3109,1,2019-05-20 17:05:00 UTC,12:50:20,EXC,RET,C,0,0,0,0,0,0,0,0,32355803,,,,459589,0,0,1,0,0,0,0,0,,,,936485,,0,,,0,0,0,0,49.99000168,0,0,10.26000023,0,0,0,,0,0,0,17,2019-05-20 17:05:00 UTC,1,24.98999977,1,0,,,,,,,
1654946102,541780814,2211:2:20190508:9362,AW,ATF,4,2211,2,2019-05-08 17:05:00 UTC,12:25:13,EXC,RET,C,0,5.00009E+12,5.00009E+12,8.98335E+31,0,5.00009E+12,5.00009E+12,8.98335E+31,44969954,ADS,EPS,2019-05-09 17:05:00 UTC,390991,0,0,0,0,1,0,0,0,,,,3106858,,0,,,5.00009E+12,5.00009E+12,8.98335E+31,0,79.98999786,0,0,8.56000042,0,0,0,,0,0,541714565,13,2019-05-08 17:05:00 UTC,1,28.89999962,1,2211,,,F,,,,
1655980822,542124544,705:1:20190511:9600,AW,ATF,17,705,1,2019-05-11 17:05:00 UTC,14:07:32,EXC,RET,C,0,0,0,0,0,0,0,0,0,,,,423689,0,0,0,0,0,0,0,0,,,,3098172,,0,,,0,0,0,0,49.99000168,0,0,7.630000114,0,0,0,,0,0,542047772,13,2019-05-11 17:05:00 UTC,1,22.48999977,1,705,,,F,,,,
1654400861,541553118,1272:1:20190505:5597,AW,ATF,9,1272,1,2019-05-05 17:05:00 UTC,11:25:32,EXC,RET,C,0,5E+12,5E+12,3.37077E+31,0,5E+12,5E+12,3.37077E+31,0,,,,314871,0,0,0,0,0,0,0,0,,,,3026610,,0,,,5E+12,5E+12,3.37077E+31,0,59.99000168,0,0,10.18000031,0,0,0,,0,0,541192234,17,2019-05-05 17:05:00 UTC,1,30,1,1272,,,F,,,,
1654230080,541553118,1272:1:20190505:5597,AW,ATF,1,1272,1,2019-05-05 17:05:00 UTC,11:25:32,EXC,RET,C,0,5E+12,5E+12,3.37077E+31,0,5E+12,5E+12,3.37077E+31,0,,,,314871,0,0,0,0,0,0,0,0,,,,3101698,,0,,,5E+12,5E+12,3.37077E+31,0,89.98999786,0,0,18.14999962,0,0,0,,0,0,541192234,17,2019-05-05 17:05:00 UTC,1,67.48999786,1,1272,,,F,,,,
1654400860,541553118,1272:1:20190505:5597,AW,ATF,5,1272,1,2019-05-05 17:05:00 UTC,11:25:32,EXC,RET,C,0,5E+12,5E+12,3.37077E+31,0,5E+12,5E+12,3.37077E+31,0,,,,314871,0,0,0,0,0,0,0,0,,,,3135450,,0,,,5E+12,5E+12,3.37077E+31,0,59.99000168,0,0,9.380000114,0,0,0,,0,0,541192234,17,2019-05-05 17:05:00 UTC,1,29.98999977,1,1272,,,F,,,,
1657769876,542750747,143:1:20190516:18872,AW,AT,4,143,1,2019-05-16 17:05:00 UTC,14:20:52,EXC,RET,C,0,5E+12,5E+12,9.2809E+31,0,5E+12,5E+12,9.2809E+31,4462526,,,,391149,1,0,1,0,0,0,1,0,,,,3072827,,0,,,5E+12,5E+12,9.2809E+31,0,98,1,24.5,18.79999924,24.5,0,0,,0,24.5,0,,,0,0,1,0,,,F,,,,
1656642865,542406025,179:1:20190512:21572,AW,AT,12,179,1,2019-05-12 17:05:00 UTC,15:09:23,EXC,RET,C,540865980,5.00009E+12,5.00009E+12,1.8273E+31,0,0,0,0,0,,,,426591,0,0,0,0,1,0,0,0,,,,3077147,,0,,,5.00009E+12,5.00009E+12,1.8273E+31,0,49.99000168,0,0,18.26000023,0,0,0,,0,0,0,13,2019-05-12 17:05:00 UTC,1,20,1,611,,,N,,,,
1656677964,542406025,179:1:20190512:21572,AW,AT,9,179,1,2019-05-12 17:05:00 UTC,15:09:23,EXC,RET,C,540865980,5.00009E+12,5.00009E+12,1.8273E+31,0,0,0,0,0,,,,426591,0,0,0,0,1,0,0,0,,,,3078898,,0,,,5.00009E+12,5.00009E+12,1.8273E+31,0,49.99000168,0,0,18.26000023,0,0,0,,0,0,0,13,2019-05-12 17:05:00 UTC,1,20,1,611,,,N,,,,
1658777563,543169391,2236:3:20190519:9700,AW,ATF,1,2236,3,2019-05-19 17:05:00 UTC,11:51:54,EXC,RET,C,0,5.00004E+12,5.00004E+12,4.98287E+31,0,5.00004E+12,5.00004E+12,4.98287E+31,1780583,,,,448403,0,0,0,0,0,0,0,0,,,,3135339,,0,,,5.00004E+12,5.00004E+12,4.98287E+31,0,59.99000168,1,59.99000168,13.61999989,59.99000168,24,0,,0,35.99000168,0,,,0,0,0,0,,,F,,,,
1655424003,541871567,301:1:20190509:10409,AW,AT,1,301,1,2019-05-09 17:05:00 UTC,18:31:06,EXC,RET,C,539667299,5.00009E+12,5.00008E+12,9.68555E+31,0,0,0,0,22359245,,,,465301,0,0,1,0,0,0,0,0,,,,3088989,,0,,,5.00009E+12,5.00008E+12,9.68555E+31,0,139,1,62.49000168,22.28000069,62.49000168,0,0,,0,62.49000168,0,,,0,0,1,0,,,F,,,,
1658741505,543062120,574:11:20190519:3441,AW,AT,10,574,11,2019-05-19 17:05:00 UTC,13:38:49,EXC,RET,C,0,5.00001E+12,5.00001E+12,7.34113E+31,0,5.00001E+12,5.00001E+12,7.34113E+31,0,,,,5211817,0,0,0,0,0,0,0,0,,,,3097000,,0,,,5.00001E+12,5.00001E+12,7.34113E+31,0,89,1,89,17.38999939,89,35.59999847,0,,0,53.40000153,0,,,0,0,1,0,,,F,,,,
1658681440,543062120,574:11:20190519:3441,AW,AT,7,574,11,2019-05-19 17:05:00 UTC,13:38:49,EXC,RET,C,0,5.00001E+12,5.00001E+12,7.34113E+31,0,5.00001E+12,5.00001E+12,7.34113E+31,0,,,,5211817,0,0,0,0,0,0,0,0,,,,2804485,,0,,,5.00001E+12,5.00001E+12,7.34113E+31,0,49.5,1,49.5,9.550000191,49.5,19.79999924,0,,0,29.70000076,0,,,0,0,1,0,,,F,,,,
1658741504,543062120,574:11:20190519:3441,AW,AT,4,574,11,2019-05-19 17:05:00 UTC,13:38:49,EXC,RET,C,0,5.00001E+12,5.00001E+12,7.34113E+31,0,5.00001E+12,5.00001E+12,7.34113E+31,0,,,,5211817,0,0,0,0,0,0,0,0,,,,3098386,,0,,,5.00001E+12,5.00001E+12,7.34113E+31,0,89,0,0,17.38999939,0,0,0,,0,0,542931397,17,2019-05-19 17:05:00 UTC,1,53.40000153,1,574,,,F,,,,
